{
  "collapseTableOfContents": false,
  "items": [
    {
      "type": "divider",
      "title": "Overview"
    },
    {
      "type": "item",
      "title": "Introduction to CoverForce API",
      "uri": "/docs/Overview/1 API Overview.md"
    },
    {
      "type": "item",
      "title": "Environments",
      "uri": "/docs/Overview/2 Environments.md"
    },
    {
      "type": "item",
      "title": "Authentication",
      "uri": "/docs/Overview/3 Authorization.md"
    },
    {
      "type": "item",
      "title": "Error Handling",
      "uri": "/docs/Overview/4 Error-Handling.md"
    },
    {
      "type": "item",
      "title": "User Journey",
      "uri": "/docs/Overview/5 User Journey.md"
    },
    {
       "type": "divider",
       "title": "Application Overview"
    },
    {
      "type": "item",
      "title": "Application Overview",
      "uri": "docs/Application/1. Application Overview.md"
    },
    {
      "type": "item",
      "title": "Creating Application",
      "uri": "docs/Application/2. Creating Application.md"
    },
    {
      "type": "item",
      "title": "Application Data",
      "uri": "docs/Application/3. Application Data.md"
    },
    {
      "type": "divider",
      "title": "Helper APIs"
    },
    {
      "type": "item",
      "title": "Application Helper APIs",
      "uri": "/docs/Helper APIs/Application Helper APIs.md"
    },
    {
      "type": "divider",
      "title": "Broker Code APIs"
    },
    {
      "type": "item",
      "title": "Broker Code APIs",
      "uri": "docs/Broker Code APIs/Broker Code Configuration APIs.md"
    },
    {
      "type": "divider",
      "title": "Agency Management APIs"
    },
    {
      "type": "item",
      "title": "Agency Management APIs",
      "uri": "docs/Agency Management APIs/Agency Management APIs.md"
    },
    {
      "type": "divider",
      "title": "Carrier Specific Information"
    },
    {
      "type": "item",
      "title": "Liberty Mutual",
      "uri": "docs/Carrier Specific Information/Liberty Mutual.md"
    },
    {
      "type": "divider",
      "title": "APIS"
    },
    {
      "type": "item",
      "title": "CoverForce APIs",
      "uri": "/reference/CoverForce-APIs.yaml"
    }
  ]
}